{
    "Profiles": [
        {
            "Use Non-ASCII Font": false,
            "Tags": [
                "Dynamic"
            ],
            "Ansi 12 Color": {
                "Green Component": 0.6,
                "Red Component": 0.4235294117647059,
                "Blue Component": 0.7333333333333333
            },
            "Ansi 7 Color": {
                "Green Component": 0.8156862854957581,
                "Red Component": 0.8156862854957581,
                "Blue Component": 0.8156862854957581
            },
            "Ansi 8 Color": {
                "Green Component": 0.3137255012989044,
                "Red Component": 0.3137255012989044,
                "Blue Component": 0.3137255012989044
            },
            "Bold Color": {
                "Green Component": 0.8156862854957581,
                "Red Component": 0.8156862854957581,
                "Blue Component": 0.8156862854957581
            },
            "Ansi 9 Color": {
                "Green Component": 0.2549019754,
                "Red Component": 0.6745098233,
                "Blue Component": 0.2588235438
            },
            "Ansi 6 Color": {
                "Green Component": 0.8385321624,
                "Red Component": 0.4903187999,
                "Blue Component": 0.8118151991
            },
            "Ansi 4 Color": {
                "Green Component": 0.6,
                "Red Component": 0.4235294118,
                "Blue Component": 0.7333333333
            },
            "Rows": 25,
            "Default Bookmark": "No",
            "Blend": 0.47897965196539594,
            "Cursor Guide Color": {
                "Red Component": 0.7021318674087524,
                "Color Space": "sRGB",
                "Blue Component": 1,
                "Alpha Component": 0.25,
                "Green Component": 0.9268307089805603
            },
            "Non-ASCII Anti Aliased": true,
            "Use Bright Bold": true,
            "Ansi 10 Color": {
                "Green Component": 0.5557656957013575,
                "Red Component": 0.49473804391474724,
                "Blue Component": 0.31444666754949363
            },
            "Ambiguous Double Width": false,
            "Jobs to Ignore": [
                "rlogin",
                "ssh",
                "slogin",
                "telnet"
            ],
            "Ansi 15 Color": {
                "Green Component": 0.9607843160629272,
                "Red Component": 0.9607843160629272,
                "Blue Component": 0.9607843160629272
            },
            "Foreground Color": {
                "Green Component": 0.8156862854957581,
                "Red Component": 0.8156862854957581,
                "Blue Component": 0.8156862854957581
            },
            "Working Directory": "/Users/jfilip",
            "Blinking Cursor": false,
            "Disable Window Resizing": true,
            "Sync Title": false,
            "Prompt Before Closing 2": false,
            "BM Growl": true,
            "Command": "",
            "Description": "🐈",
            "Dynamic Profile Filename": "/Users/jfilip/Library/Application Support/iTerm2/DynamicProfiles/iterm_profile-jkitty.json",
            "Mouse Reporting": true,
            "Screen": -1,
            "Selection Color": {
                "Green Component": 0.1882352977991104,
                "Red Component": 0.1882352977991104,
                "Blue Component": 0.1882352977991104
            },
            "Initial Use Transparency": false,
            "Columns": 80,
            "Idle Code": 0,
            "Ansi 13 Color": {
                "Green Component": 0.3069779858,
                "Red Component": 0.6233385181,
                "Blue Component": 0.5234466981
            },
            "Custom Command": "No",
            "ASCII Anti Aliased": true,
            "Non Ascii Font": "Monaco 12",
            "Vertical Spacing": 1,
            "Use Bold Font": true,
            "Option Key Sends": 2,
            "Selected Text Color": {
                "Green Component": 0.8156862854957581,
                "Red Component": 0.8156862854957581,
                "Blue Component": 0.8156862854957581
            },
            "Background Color": {
                "Green Component": 0.1283406391402715,
                "Red Component": 0.1283406391402715,
                "Blue Component": 0.1283406391402715
            },
            "Character Encoding": 4,
            "Ansi 11 Color": {
                "Green Component": 0.7098039216,
                "Red Component": 0.8980392157,
                "Blue Component": 0.4039215686
            },
            "Use Italic Font": true,
            "Unlimited Scrollback": false,
            "Keyboard Map": {
                "0xf700-0x260000": {
                    "Action": 10,
                    "Text": "[1;6A"
                },
                "0x37-0x40000": {
                    "Action": 11,
                    "Text": "0x1f"
                },
                "0x32-0x40000": {
                    "Action": 11,
                    "Text": "0x00"
                },
                "0xf709-0x20000": {
                    "Action": 10,
                    "Text": "[17;2~"
                },
                "0xf70c-0x20000": {
                    "Action": 10,
                    "Text": "[20;2~"
                },
                "0xf729-0x20000": {
                    "Action": 10,
                    "Text": "[1;2H"
                },
                "0xf72b-0x40000": {
                    "Action": 10,
                    "Text": "[1;5F"
                },
                "0xf705-0x20000": {
                    "Action": 10,
                    "Text": "[1;2Q"
                },
                "0xf703-0x260000": {
                    "Action": 10,
                    "Text": "[1;6C"
                },
                "0xf700-0x220000": {
                    "Action": 10,
                    "Text": "[1;2A"
                },
                "0xf701-0x280000": {
                    "Action": 11,
                    "Text": "0x1b 0x1b 0x5b 0x42"
                },
                "0x38-0x40000": {
                    "Action": 11,
                    "Text": "0x7f"
                },
                "0x33-0x40000": {
                    "Action": 11,
                    "Text": "0x1b"
                },
                "0xf703-0x220000": {
                    "Action": 10,
                    "Text": "[1;2C"
                },
                "0xf701-0x240000": {
                    "Action": 10,
                    "Text": "[1;5B"
                },
                "0xf70d-0x20000": {
                    "Action": 10,
                    "Text": "[21;2~"
                },
                "0xf702-0x260000": {
                    "Action": 10,
                    "Text": "[1;6D"
                },
                "0xf729-0x40000": {
                    "Action": 10,
                    "Text": "[1;5H"
                },
                "0xf706-0x20000": {
                    "Action": 10,
                    "Text": "[1;2R"
                },
                "0x34-0x40000": {
                    "Action": 11,
                    "Text": "0x1c"
                },
                "0xf700-0x280000": {
                    "Action": 11,
                    "Text": "0x1b 0x1b 0x5b 0x41"
                },
                "0x2d-0x40000": {
                    "Action": 11,
                    "Text": "0x1f"
                },
                "0xf70e-0x20000": {
                    "Action": 10,
                    "Text": "[23;2~"
                },
                "0xf702-0x220000": {
                    "Action": 10,
                    "Text": "[1;2D"
                },
                "0xf703-0x280000": {
                    "Action": 11,
                    "Text": "0x1b 0x1b 0x5b 0x43"
                },
                "0xf700-0x240000": {
                    "Action": 10,